jurisdiction,province_code,bracket_order,lower_threshold,upper_threshold,rate,source_url
FED,CANADA,1,0,58523,0.14,https://www.canada.ca/en/revenue-agency/services/tax/businesses/topics/payroll/payroll-deductions-contributions/income-tax/reducing-remuneration-subject-income-tax.html
FED,CANADA,2,58523,117045,0.205,https://www.canada.ca/en/revenue-agency/services/tax/businesses/topics/payroll/payroll-deductions-contributions/income-tax/reducing-remuneration-subject-income-tax.html
FED,CANADA,3,117045,181440,0.26,https://www.canada.ca/en/revenue-agency/services/tax/businesses/topics/payroll/payroll-deductions-contributions/income-tax/reducing-remuneration-subject-income-tax.html
FED,CANADA,4,181440,258482,0.29,https://www.canada.ca/en/revenue-agency/services/tax/businesses/topics/payroll/payroll-deductions-contributions/income-tax/reducing-remuneration-subject-income-tax.html
FED,CANADA,5,258482,,0.33,https://www.canada.ca/en/revenue-agency/services/tax/businesses/topics/payroll/payroll-deductions-contributions/income-tax/reducing-remuneration-subject-income-tax.html
PROV,AB,1,0,61200,0.08,https://www.canada.ca/en/revenue-agency/services/tax/businesses/topics/payroll/payroll-deductions-contributions/income-tax/reducing-remuneration-subject-income-tax.html
PROV,AB,2,61200,154259,0.10,https://www.canada.ca/en/revenue-agency/services/tax/businesses/topics/payroll/payroll-deductions-contributions/income-tax/reducing-remuneration-subject-income-tax.html
PROV,AB,3,154259,185111,0.12,https://www.canada.ca/en/revenue-agency/services/tax/businesses/topics/payroll/payroll-deductions-contributions/income-tax/reducing-remuneration-subject-income-tax.html
PROV,AB,4,185111,246813,0.13,https://www.canada.ca/en/revenue-agency/services/tax/businesses/topics/payroll/payroll-deductions-contributions/income-tax/reducing-remuneration-subject-income-tax.html
PROV,AB,5,246813,370220,0.14,https://www.canada.ca/en/revenue-agency/services/tax/businesses/topics/payroll/payroll-deductions-contributions/income-tax/reducing-remuneration-subject-income-tax.html
PROV,AB,6,370220,,0.15,https://www.canada.ca/en/revenue-agency/services/tax/businesses/topics/payroll/payroll-deductions-contributions/income-tax/reducing-remuneration-subject-income-tax.html
PROV,BC,1,0,50363,0.0506,https://www.canada.ca/en/revenue-agency/services/tax/businesses/topics/payroll/payroll-deductions-contributions/income-tax/reducing-remuneration-subject-income-tax.html
PROV,BC,2,50363,100728,0.077,https://www.canada.ca/en/revenue-agency/services/tax/businesses/topics/payroll/payroll-deductions-contributions/income-tax/reducing-remuneration-subject-income-tax.html
PROV,BC,3,100728,115648,0.105,https://www.canada.ca/en/revenue-agency/services/tax/businesses/topics/payroll/payroll-deductions-contributions/income-tax/reducing-remuneration-subject-income-tax.html
PROV,BC,4,115648,140430,0.1229,https://www.canada.ca/en/revenue-agency/services/tax/businesses/topics/payroll/payroll-deductions-contributions/income-tax/reducing-remuneration-subject-income-tax.html
PROV,BC,5,140430,190405,0.147,https://www.canada.ca/en/revenue-agency/services/tax/businesses/topics/payroll/payroll-deductions-contributions/income-tax/reducing-remuneration-subject-income-tax.html
PROV,BC,6,190405,265545,0.168,https://www.canada.ca/en/revenue-agency/services/tax/businesses/topics/payroll/payroll-deductions-contributions/income-tax/reducing-remuneration-subject-income-tax.html
PROV,BC,7,265545,,0.205,https://www.canada.ca/en/revenue-agency/services/tax/businesses/topics/payroll/payroll-deductions-contributions/income-tax/reducing-remuneration-subject-income-tax.html
PROV,MB,1,0,47000,0.108,https://www.canada.ca/en/revenue-agency/services/tax/businesses/topics/payroll/payroll-deductions-contributions/income-tax/reducing-remuneration-subject-income-tax.html
PROV,MB,2,47000,100000,0.1275,https://www.canada.ca/en/revenue-agency/services/tax/businesses/topics/payroll/payroll-deductions-contributions/income-tax/reducing-remuneration-subject-income-tax.html
PROV,MB,3,100000,,0.174,https://www.canada.ca/en/revenue-agency/services/tax/businesses/topics/payroll/payroll-deductions-contributions/income-tax/reducing-remuneration-subject-income-tax.html
PROV,NB,1,0,52333,0.094,https://www.canada.ca/en/revenue-agency/services/tax/businesses/topics/payroll/payroll-deductions-contributions/income-tax/reducing-remuneration-subject-income-tax.html
PROV,NB,2,52333,104666,0.14,https://www.canada.ca/en/revenue-agency/services/tax/businesses/topics/payroll/payroll-deductions-contributions/income-tax/reducing-remuneration-subject-income-tax.html
PROV,NB,3,104666,193861,0.16,https://www.canada.ca/en/revenue-agency/services/tax/businesses/topics/payroll/payroll-deductions-contributions/income-tax/reducing-remuneration-subject-income-tax.html
PROV,NB,4,193861,,0.195,https://www.canada.ca/en/revenue-agency/services/tax/businesses/topics/payroll/payroll-deductions-contributions/income-tax/reducing-remuneration-subject-income-tax.html
PROV,NL,1,0,44678,0.087,https://www.canada.ca/en/revenue-agency/services/tax/businesses/topics/payroll/payroll-deductions-contributions/income-tax/reducing-remuneration-subject-income-tax.html
PROV,NL,2,44678,89354,0.145,https://www.canada.ca/en/revenue-agency/services/tax/businesses/topics/payroll/payroll-deductions-contributions/income-tax/reducing-remuneration-subject-income-tax.html
PROV,NL,3,89354,159528,0.158,https://www.canada.ca/en/revenue-agency/services/tax/businesses/topics/payroll/payroll-deductions-contributions/income-tax/reducing-remuneration-subject-income-tax.html
PROV,NL,4,159528,223340,0.178,https://www.canada.ca/en/revenue-agency/services/tax/businesses/topics/payroll/payroll-deductions-contributions/income-tax/reducing-remuneration-subject-income-tax.html
PROV,NL,5,223340,285319,0.198,https://www.canada.ca/en/revenue-agency/services/tax/businesses/topics/payroll/payroll-deductions-contributions/income-tax/reducing-remuneration-subject-income-tax.html
PROV,NL,6,285319,570638,0.208,https://www.canada.ca/en/revenue-agency/services/tax/businesses/topics/payroll/payroll-deductions-contributions/income-tax/reducing-remuneration-subject-income-tax.html
PROV,NL,7,570638,1141275,0.213,https://www.canada.ca/en/revenue-agency/services/tax/businesses/topics/payroll/payroll-deductions-contributions/income-tax/reducing-remuneration-subject-income-tax.html
PROV,NL,8,1141275,,0.218,https://www.canada.ca/en/revenue-agency/services/tax/businesses/topics/payroll/payroll-deductions-contributions/income-tax/reducing-remuneration-subject-income-tax.html
PROV,NS,1,0,30995,0.0879,https://www.canada.ca/en/revenue-agency/services/tax/businesses/topics/payroll/payroll-deductions-contributions/income-tax/reducing-remuneration-subject-income-tax.html
PROV,NS,2,30995,61991,0.1495,https://www.canada.ca/en/revenue-agency/services/tax/businesses/topics/payroll/payroll-deductions-contributions/income-tax/reducing-remuneration-subject-income-tax.html
PROV,NS,3,61991,97417,0.1667,https://www.canada.ca/en/revenue-agency/services/tax/businesses/topics/payroll/payroll-deductions-contributions/income-tax/reducing-remuneration-subject-income-tax.html
PROV,NS,4,97417,157124,0.175,https://www.canada.ca/en/revenue-agency/services/tax/businesses/topics/payroll/payroll-deductions-contributions/income-tax/reducing-remuneration-subject-income-tax.html
PROV,NS,5,157124,,0.21,https://www.canada.ca/en/revenue-agency/services/tax/businesses/topics/payroll/payroll-deductions-contributions/income-tax/reducing-remuneration-subject-income-tax.html
PROV,ON,1,0,53891,0.0505,https://www.canada.ca/en/revenue-agency/services/tax/businesses/topics/payroll/payroll-deductions-contributions/income-tax/reducing-remuneration-subject-income-tax.html
PROV,ON,2,53891,107785,0.0915,https://www.canada.ca/en/revenue-agency/services/tax/businesses/topics/payroll/payroll-deductions-contributions/income-tax/reducing-remuneration-subject-income-tax.html
PROV,ON,3,107785,150000,0.1116,https://www.canada.ca/en/revenue-agency/services/tax/businesses/topics/payroll/payroll-deductions-contributions/income-tax/reducing-remuneration-subject-income-tax.html
PROV,ON,4,150000,220000,0.1216,https://www.canada.ca/en/revenue-agency/services/tax/businesses/topics/payroll/payroll-deductions-contributions/income-tax/reducing-remuneration-subject-income-tax.html
PROV,ON,5,220000,,0.1316,https://www.canada.ca/en/revenue-agency/services/tax/businesses/topics/payroll/payroll-deductions-contributions/income-tax/reducing-remuneration-subject-income-tax.html
PROV,PE,1,0,33928,0.095,https://www.canada.ca/en/revenue-agency/services/tax/businesses/topics/payroll/payroll-deductions-contributions/income-tax/reducing-remuneration-subject-income-tax.html
PROV,PE,2,33928,65820,0.1347,https://www.canada.ca/en/revenue-agency/services/tax/businesses/topics/payroll/payroll-deductions-contributions/income-tax/reducing-remuneration-subject-income-tax.html
PROV,PE,3,65820,106890,0.166,https://www.canada.ca/en/revenue-agency/services/tax/businesses/topics/payroll/payroll-deductions-contributions/income-tax/reducing-remuneration-subject-income-tax.html
PROV,PE,4,106890,142250,0.1762,https://www.canada.ca/en/revenue-agency/services/tax/businesses/topics/payroll/payroll-deductions-contributions/income-tax/reducing-remuneration-subject-income-tax.html
PROV,PE,5,142250,,0.19,https://www.canada.ca/en/revenue-agency/services/tax/businesses/topics/payroll/payroll-deductions-contributions/income-tax/reducing-remuneration-subject-income-tax.html
PROV,SK,1,0,54532,0.105,https://www.canada.ca/en/revenue-agency/services/tax/businesses/topics/payroll/payroll-deductions-contributions/income-tax/reducing-remuneration-subject-income-tax.html
PROV,SK,2,54532,155805,0.125,https://www.canada.ca/en/revenue-agency/services/tax/businesses/topics/payroll/payroll-deductions-contributions/income-tax/reducing-remuneration-subject-income-tax.html
PROV,SK,3,155805,,0.145,https://www.canada.ca/en/revenue-agency/services/tax/businesses/topics/payroll/payroll-deductions-contributions/income-tax/reducing-remuneration-subject-income-tax.html
PROV,QC,1,0,54345,0.14,https://www.revenuquebec.ca/en/citizens/income-tax-return/completing-your-income-tax-return/income-tax-rates/
PROV,QC,2,54345,108680,0.19,https://www.revenuquebec.ca/en/citizens/income-tax-return/completing-your-income-tax-return/income-tax-rates/
PROV,QC,3,108680,132245,0.24,https://www.revenuquebec.ca/en/citizens/income-tax-return/completing-your-income-tax-return/income-tax-rates/
PROV,QC,4,132245,,0.2575,https://www.revenuquebec.ca/en/citizens/income-tax-return/completing-your-income-tax-return/income-tax-rates/
